job_title,co_name,Location,url
Junior Data Analyst (Remote Internship â€“ Data Analysis),TalentKompass Deutschland,"CimetiÃ¨re de Bruxelles, Belgium",https://be.linkedin.com/jobs/view/junior-data-analyst-remote-internship-%E2%80%93-data-analysis-at-talentkompass-deutschland-3634039727?refId=3E%2BvRsot1yDBvR4NBeQEtQ%3D%3D&trackingId=T7b%2FpHvVjxkLSB5X6mavaQ%3D%3D&position=1&pageNum=0&trk=public_jobs_jserp-result_search-card
Data Analyst,Agilytic,"Brussels, Brussels Region, Belgium",https://be.linkedin.com/jobs/view/data-analyst-at-agilytic-3614076077?refId=3E%2BvRsot1yDBvR4NBeQEtQ%3D%3D&trackingId=L1sXzt5IVMB5XVdNzSmVlw%3D%3D&position=2&pageNum=0&trk=public_jobs_jserp-result_search-card
EU - Junior Python data + 12-24 months experience,TheWhiteam,"Brussels, Brussels Region, Belgium",https://be.linkedin.com/jobs/view/eu-junior-python-data-%2B-12-24-months-experience-at-thewhiteam-3623041851?refId=3E%2BvRsot1yDBvR4NBeQEtQ%3D%3D&trackingId=aR5bFp4%2BwYf3uSS01WArwg%3D%3D&position=3&pageNum=0&trk=public_jobs_jserp-result_search-card
Data Engineer (H/F) - Alternance,Famoco,"Brussels, Brussels Region, Belgium",https://be.linkedin.com/jobs/view/data-engineer-h-f-alternance-at-famoco-3598713549?refId=3E%2BvRsot1yDBvR4NBeQEtQ%3D%3D&trackingId=ex7a1oTOJJBBspGj6VQjjg%3D%3D&position=4&pageNum=0&trk=public_jobs_jserp-result_search-card
Data Scientist,EUROPEAN DYNAMICS,"Brussels, Brussels Region, Belgium",https://be.linkedin.com/jobs/view/data-scientist-at-european-dynamics-3590597182?refId=3E%2BvRsot1yDBvR4NBeQEtQ%3D%3D&trackingId=umZ%2F8PCeFxP3qx%2Fti7HMZw%3D%3D&position=5&pageNum=0&trk=public_jobs_jserp-result_search-card
Data Engineer,Agilytic,"Brussels, Brussels Region, Belgium",https://be.linkedin.com/jobs/view/data-engineer-at-agilytic-3590329455?refId=3E%2BvRsot1yDBvR4NBeQEtQ%3D%3D&trackingId=iYi0tnm9zCDswMrX2P3DwQ%3D%3D&position=6&pageNum=0&trk=public_jobs_jserp-result_search-card
Traineeship Data Science,Ordina,"Mechelen, Flemish Region, Belgium",https://be.linkedin.com/jobs/view/traineeship-data-science-at-ordina-3577277067?refId=3E%2BvRsot1yDBvR4NBeQEtQ%3D%3D&trackingId=7Awwm3Iegj5VFAHUGhdUyQ%3D%3D&position=7&pageNum=0&trk=public_jobs_jserp-result_search-card
Machine Learning Engineer,Radix,"Brussels, Brussels Region, Belgium",https://be.linkedin.com/jobs/view/machine-learning-engineer-at-radix-3252949033?refId=3E%2BvRsot1yDBvR4NBeQEtQ%3D%3D&trackingId=fJ9x%2BWbPd%2BZaP2Yg5ei98A%3D%3D&position=8&pageNum=0&trk=public_jobs_jserp-result_search-card
BE | Analytics Engineer,Biztory,"Kontich, Flemish Region, Belgium",https://be.linkedin.com/jobs/view/be-analytics-engineer-at-biztory-3614579677?refId=3E%2BvRsot1yDBvR4NBeQEtQ%3D%3D&trackingId=T0%2FpV0snWqHLV7BShJLLSg%3D%3D&position=9&pageNum=0&trk=public_jobs_jserp-result_search-card
Data Engineer,KPMG Belgium,Brussels Metropolitan Area,https://be.linkedin.com/jobs/view/data-engineer-at-kpmg-belgium-3602861891?refId=3E%2BvRsot1yDBvR4NBeQEtQ%3D%3D&trackingId=3VSE1kjwv3pVbTArJxbUow%3D%3D&position=10&pageNum=0&trk=public_jobs_jserp-result_search-card
"Data Engineer (Remote, London or Brussels based)",Keyrock,"Brussels, Brussels Region, Belgium",https://be.linkedin.com/jobs/view/data-engineer-remote-london-or-brussels-based-at-keyrock-3602479093?refId=3E%2BvRsot1yDBvR4NBeQEtQ%3D%3D&trackingId=sQFy4b70jV%2F6s%2BI3A6Ff%2Fw%3D%3D&position=11&pageNum=0&trk=public_jobs_jserp-result_search-card
Big Data platform Engineer - Cloudera,Grupo Norconsulting,"Mechelen, Flemish Region, Belgium",https://be.linkedin.com/jobs/view/big-data-platform-engineer-cloudera-at-grupo-norconsulting-3572752959?refId=3E%2BvRsot1yDBvR4NBeQEtQ%3D%3D&trackingId=pTQr%2FoUFEkugsiUUbK2rfw%3D%3D&position=12&pageNum=0&trk=public_jobs_jserp-result_search-card
Business Analist Data,Algorhythm,"Kontich, Flemish Region, Belgium",https://be.linkedin.com/jobs/view/business-analist-data-at-algorhythm-3633616194?refId=3E%2BvRsot1yDBvR4NBeQEtQ%3D%3D&trackingId=%2F7xbU2fPJ8UioyEfVmkb1w%3D%3D&position=13&pageNum=0&trk=public_jobs_jserp-result_search-card
Data Analyst,Nexeo,Brussels Metropolitan Area,https://be.linkedin.com/jobs/view/data-analyst-at-nexeo-3589479413?refId=3E%2BvRsot1yDBvR4NBeQEtQ%3D%3D&trackingId=d0hCvZ6cS1SN8uNX085nAg%3D%3D&position=14&pageNum=0&trk=public_jobs_jserp-result_search-card
Data Engineer,Buy Way Personal Finance,"Brussels, Brussels Region, Belgium",https://be.linkedin.com/jobs/view/data-engineer-at-buy-way-personal-finance-3628827464?refId=3E%2BvRsot1yDBvR4NBeQEtQ%3D%3D&trackingId=UlhMVT1J4KM5Y%2B6GXBsxFg%3D%3D&position=15&pageNum=0&trk=public_jobs_jserp-result_search-card
Data Engineer Traineeship,Ordina,"Mechelen, Flemish Region, Belgium",https://be.linkedin.com/jobs/view/data-engineer-traineeship-at-ordina-3577272675?refId=3E%2BvRsot1yDBvR4NBeQEtQ%3D%3D&trackingId=5Q2o4S4PDeaHk9JZJ2%2Bv%2BQ%3D%3D&position=16&pageNum=0&trk=public_jobs_jserp-result_search-card
Data Engineer,TOMRA,"Leuven, Flemish Region, Belgium",https://be.linkedin.com/jobs/view/data-engineer-at-tomra-3536653453?refId=3E%2BvRsot1yDBvR4NBeQEtQ%3D%3D&trackingId=fw%2Fw8DlWhCcHa8Ddq5zp0w%3D%3D&position=17&pageNum=0&trk=public_jobs_jserp-result_search-card
Big Data Expert F/M/X,Amaris Consulting,"Brussels, Brussels Region, Belgium",https://be.linkedin.com/jobs/view/big-data-expert-f-m-x-at-amaris-consulting-3627977838?refId=3E%2BvRsot1yDBvR4NBeQEtQ%3D%3D&trackingId=wdi6RourYpEobbtTvmCwLg%3D%3D&position=18&pageNum=0&trk=public_jobs_jserp-result_search-card
Data Engineer,Satellit,"Brussels, Brussels Region, Belgium",https://be.linkedin.com/jobs/view/data-engineer-at-satellit-3627809537?refId=3E%2BvRsot1yDBvR4NBeQEtQ%3D%3D&trackingId=Zm6n%2BwZNMH4rocToRxCtXw%3D%3D&position=19&pageNum=0&trk=public_jobs_jserp-result_search-card
Analytics Consultant,Biztory,"Kontich, Flemish Region, Belgium",https://be.linkedin.com/jobs/view/analytics-consultant-at-biztory-3624587119?refId=3E%2BvRsot1yDBvR4NBeQEtQ%3D%3D&trackingId=4XcB%2FA4Zz3xP%2FBzMCr%2FIxA%3D%3D&position=20&pageNum=0&trk=public_jobs_jserp-result_search-card
Data Analyst,Computer Futures,"Puurs-Sint-Amands, Flemish Region, Belgium",https://be.linkedin.com/jobs/view/data-analyst-at-computer-futures-3619120400?refId=3E%2BvRsot1yDBvR4NBeQEtQ%3D%3D&trackingId=WksKU5ptrlXp%2BMYNSuHThg%3D%3D&position=21&pageNum=0&trk=public_jobs_jserp-result_search-card
Data Architect,EUROPEAN DYNAMICS,"Brussels, Brussels Region, Belgium",https://be.linkedin.com/jobs/view/data-architect-at-european-dynamics-3590297892?refId=3E%2BvRsot1yDBvR4NBeQEtQ%3D%3D&trackingId=1XsO4%2FjNWwhO9X4MXeiKPw%3D%3D&position=22&pageNum=0&trk=public_jobs_jserp-result_search-card
Machine Learning Engineer F/M/X,Amaris Consulting,"Brussels, Brussels Region, Belgium",https://be.linkedin.com/jobs/view/machine-learning-engineer-f-m-x-at-amaris-consulting-3627981436?refId=3E%2BvRsot1yDBvR4NBeQEtQ%3D%3D&trackingId=Ho9OsuBP1uJgXm%2FlMStDRQ%3D%3D&position=23&pageNum=0&trk=public_jobs_jserp-result_search-card
Data Engineer,Koda Staff,"Flemish Region, Belgium",https://be.linkedin.com/jobs/view/data-engineer-at-koda-staff-3638461911?refId=3E%2BvRsot1yDBvR4NBeQEtQ%3D%3D&trackingId=d0fCX7g48KD0meot1HjpYw%3D%3D&position=24&pageNum=0&trk=public_jobs_jserp-result_search-card
Data Engineer F/M/X,Amaris Consulting,"Brussels, Brussels Region, Belgium",https://be.linkedin.com/jobs/view/data-engineer-f-m-x-at-amaris-consulting-3627972662?refId=3E%2BvRsot1yDBvR4NBeQEtQ%3D%3D&trackingId=A8DqlkwxXK%2Bk%2FBHvffheiA%3D%3D&position=25&pageNum=0&trk=public_jobs_jserp-result_search-card
Data Scientist,Ordina,"Mechelen, Flemish Region, Belgium",https://be.linkedin.com/jobs/view/data-scientist-at-ordina-3577277057?refId=1PmpT0oKl3D9ydpfwV0bpA%3D%3D&trackingId=UfARAQchL9eOQojV%2FYVHpw%3D%3D&position=1&pageNum=1&trk=public_jobs_jserp-result_search-card
Junior Data consultant,Keyrus,"Brussels, Brussels Region, Belgium",https://be.linkedin.com/jobs/view/junior-data-consultant-at-keyrus-3638471220?refId=1PmpT0oKl3D9ydpfwV0bpA%3D%3D&trackingId=wYizjC%2BWVF790ISeL%2B8cig%3D%3D&position=2&pageNum=1&trk=public_jobs_jserp-result_search-card
Machine Learning Engineer,ATCON GLOBAL,"Anderlecht, Brussels Region, Belgium",https://be.linkedin.com/jobs/view/machine-learning-engineer-at-atcon-global-3637564933?refId=1PmpT0oKl3D9ydpfwV0bpA%3D%3D&trackingId=kEw7R48DPGdhsLszRiVcdg%3D%3D&position=3&pageNum=1&trk=public_jobs_jserp-result_search-card
Data Engineer,Biztory,"Kontich, Flemish Region, Belgium",https://be.linkedin.com/jobs/view/data-engineer-at-biztory-3624584488?refId=1PmpT0oKl3D9ydpfwV0bpA%3D%3D&trackingId=Ky9fxKu1t6SYenjehDYSIA%3D%3D&position=4&pageNum=1&trk=public_jobs_jserp-result_search-card
AI Expert,EUROPEAN DYNAMICS,"Brussels, Brussels Region, Belgium",https://be.linkedin.com/jobs/view/ai-expert-at-european-dynamics-3590312417?refId=1PmpT0oKl3D9ydpfwV0bpA%3D%3D&trackingId=L6GI8mYH71BODeX9uvBuHg%3D%3D&position=5&pageNum=1&trk=public_jobs_jserp-result_search-card
Data Engineer,BNP Paribas,"Brussels, Brussels Region, Belgium",https://be.linkedin.com/jobs/view/data-engineer-at-bnp-paribas-3590273385?refId=1PmpT0oKl3D9ydpfwV0bpA%3D%3D&trackingId=dWm3Stazrw%2FsDOrUb96aSw%3D%3D&position=6&pageNum=1&trk=public_jobs_jserp-result_search-card
Data Engineer (m/f/x) - full-time job,euroconsumers,"Brussels, Brussels Region, Belgium",https://be.linkedin.com/jobs/view/data-engineer-m-f-x-full-time-job-at-euroconsumers-3611700487?refId=1PmpT0oKl3D9ydpfwV0bpA%3D%3D&trackingId=mUDiY7zAJ9Jx3sfFfqPayw%3D%3D&position=7&pageNum=1&trk=public_jobs_jserp-result_search-card
Artificial intelligence Expert F/M/X,Amaris Consulting,"Brussels, Brussels Region, Belgium",https://be.linkedin.com/jobs/view/artificial-intelligence-expert-f-m-x-at-amaris-consulting-3627980498?refId=1PmpT0oKl3D9ydpfwV0bpA%3D%3D&trackingId=pH4gk2JUUIPjc9s2SuONgw%3D%3D&position=8&pageNum=1&trk=public_jobs_jserp-result_search-card
Data Engineer,Tripwire Solutions,"Edegem, Flemish Region, Belgium",https://be.linkedin.com/jobs/view/data-engineer-at-tripwire-solutions-3611162245?refId=1PmpT0oKl3D9ydpfwV0bpA%3D%3D&trackingId=qPYQebvz%2FHQNySwXEgW2fg%3D%3D&position=9&pageNum=1&trk=public_jobs_jserp-result_search-card
Data Engineer F/M/X,Amaris Consulting,"Brussels, Brussels Region, Belgium",https://be.linkedin.com/jobs/view/data-engineer-f-m-x-at-amaris-consulting-3627964408?refId=1PmpT0oKl3D9ydpfwV0bpA%3D%3D&trackingId=i34Kksul9naG0RK6y0Fv0Q%3D%3D&position=10&pageNum=1&trk=public_jobs_jserp-result_search-card
Data Science Engineer (Medior),BRAINWAVE OPTIGRATORS,"Braine-lâ€™Alleud, Walloon Region, Belgium",https://be.linkedin.com/jobs/view/data-science-engineer-medior-at-brainwave-optigrators-3635108488?refId=1PmpT0oKl3D9ydpfwV0bpA%3D%3D&trackingId=yBmunVnuu%2BH74B8DjldpKA%3D%3D&position=11&pageNum=1&trk=public_jobs_jserp-result_search-card
Data Engineer / Analytics Engineer (dbt),Qover,"Brussels, Brussels Region, Belgium",https://be.linkedin.com/jobs/view/data-engineer-analytics-engineer-dbt-at-qover-3632339907?refId=1PmpT0oKl3D9ydpfwV0bpA%3D%3D&trackingId=2XIJJyDbeRjWFVFuK0nAqw%3D%3D&position=12&pageNum=1&trk=public_jobs_jserp-result_search-card
Experienced Data Scientist,BNP Paribas,"Brussels, Brussels Region, Belgium",https://be.linkedin.com/jobs/view/experienced-data-scientist-at-bnp-paribas-3615750286?refId=1PmpT0oKl3D9ydpfwV0bpA%3D%3D&trackingId=NXC8LUanS5vYo%2BbHjRI9Fg%3D%3D&position=13&pageNum=1&trk=public_jobs_jserp-result_search-card
Power BI Engineer,Tessenderlo Group,"Brussels, Brussels Region, Belgium",https://be.linkedin.com/jobs/view/power-bi-engineer-at-tessenderlo-group-3616382081?refId=1PmpT0oKl3D9ydpfwV0bpA%3D%3D&trackingId=zxGUmYcquQVkG74hJEdlbQ%3D%3D&position=14&pageNum=1&trk=public_jobs_jserp-result_search-card
Data Analist,First IT,"Mechelen, Flemish Region, Belgium",https://be.linkedin.com/jobs/view/data-analist-at-first-it-3633611795?refId=1PmpT0oKl3D9ydpfwV0bpA%3D%3D&trackingId=UXId%2BtuFVbjd0XXW8dOdPA%3D%3D&position=15&pageNum=1&trk=public_jobs_jserp-result_search-card
Data Engineer,Skillfinder International,European Union,https://www.linkedin.com/jobs/view/data-engineer-at-skillfinder-international-3639851615?refId=1PmpT0oKl3D9ydpfwV0bpA%3D%3D&trackingId=tcd2VxNAnzcgAAcMSTSgsA%3D%3D&position=16&pageNum=1&trk=public_jobs_jserp-result_search-card
Internship Data Visualization,Ordina,"Mechelen, Flemish Region, Belgium",https://be.linkedin.com/jobs/view/internship-data-visualization-at-ordina-3602990450?refId=1PmpT0oKl3D9ydpfwV0bpA%3D%3D&trackingId=b%2BOT3bqsMLRvRuVOnOiEBg%3D%3D&position=17&pageNum=1&trk=public_jobs_jserp-result_search-card
Data Engineer,OneSource Consulting,Brussels Metropolitan Area,https://be.linkedin.com/jobs/view/data-engineer-at-onesource-consulting-3635111905?refId=1PmpT0oKl3D9ydpfwV0bpA%3D%3D&trackingId=N%2FQTmx%2FHwz5pygQ1wRN5Tg%3D%3D&position=18&pageNum=1&trk=public_jobs_jserp-result_search-card
WPM Data Engineer,Innovalus Technologies,"Puurs, Flemish Region, Belgium",https://be.linkedin.com/jobs/view/wpm-data-engineer-at-innovalus-technologies-3628511955?refId=1PmpT0oKl3D9ydpfwV0bpA%3D%3D&trackingId=6o1eqHDod%2FFZHIZvJnCrbQ%3D%3D&position=19&pageNum=1&trk=public_jobs_jserp-result_search-card
Consultant - Data Engineer,EXSOLVÃ†,"Brussels, Brussels Region, Belgium",https://be.linkedin.com/jobs/view/consultant-data-engineer-at-exsolv%C3%A6-3638179958?refId=1PmpT0oKl3D9ydpfwV0bpA%3D%3D&trackingId=K1KmcEhl70AHg%2B3fGxsbGA%3D%3D&position=20&pageNum=1&trk=public_jobs_jserp-result_search-card
Data Centre Engineer (On Demand model),DeRisk Technologies,"Brussels, Brussels Region, Belgium",https://be.linkedin.com/jobs/view/data-centre-engineer-on-demand-model-at-derisk-technologies-3630046062?refId=1PmpT0oKl3D9ydpfwV0bpA%3D%3D&trackingId=efnt5QlWXJf0Nx8rqeXn6g%3D%3D&position=21&pageNum=1&trk=public_jobs_jserp-result_search-card
Data Specialist,Select HR,"Brussels, Brussels Region, Belgium",https://be.linkedin.com/jobs/view/data-specialist-at-select-hr-3570050039?refId=1PmpT0oKl3D9ydpfwV0bpA%3D%3D&trackingId=Bu1BnS%2BFXPy1HrnBAfeS0g%3D%3D&position=22&pageNum=1&trk=public_jobs_jserp-result_search-card
Data Engineer - Data Modeling Optimization,Computer Futures,"Brussels, Brussels Region, Belgium",https://be.linkedin.com/jobs/view/data-engineer-data-modeling-optimization-at-computer-futures-3635104705?refId=1PmpT0oKl3D9ydpfwV0bpA%3D%3D&trackingId=jFtLOg%2BRV2%2BotMPMkNEyRg%3D%3D&position=23&pageNum=1&trk=public_jobs_jserp-result_search-card
Data Engineer,Nexeo,Brussels Metropolitan Area,https://be.linkedin.com/jobs/view/data-engineer-at-nexeo-3638316458?refId=1PmpT0oKl3D9ydpfwV0bpA%3D%3D&trackingId=37D8Y1EArV334wsMXOcAOw%3D%3D&position=24&pageNum=1&trk=public_jobs_jserp-result_search-card
Data Engineer - Financial Risk,Oliver James,"Brussels, Brussels Region, Belgium",https://be.linkedin.com/jobs/view/data-engineer-financial-risk-at-oliver-james-3634245390?refId=1PmpT0oKl3D9ydpfwV0bpA%3D%3D&trackingId=dznzua6pgr3ptW0CZLPEEw%3D%3D&position=25&pageNum=1&trk=public_jobs_jserp-result_search-card
Consultant Data Engineer,Sia Partners,"Brussels, Brussels Region, Belgium",https://be.linkedin.com/jobs/view/consultant-data-engineer-at-sia-partners-3631738064?refId=n5x8JdIbtdKInO6vuJvWNA%3D%3D&trackingId=l131htdnZwafi%2BirQXvrGw%3D%3D&position=1&pageNum=2&trk=public_jobs_jserp-result_search-card
Data Engineer Specialist,NestlÃ©,"Brussels, Brussels Region, Belgium",https://be.linkedin.com/jobs/view/data-engineer-specialist-at-nestl%C3%A9-3639764527?refId=n5x8JdIbtdKInO6vuJvWNA%3D%3D&trackingId=BaMzMPQRdKw191Cb8ge%2FjA%3D%3D&position=2&pageNum=2&trk=public_jobs_jserp-result_search-card
Data Engineer,TOMRA,"Mechelen, Flemish Region, Belgium",https://be.linkedin.com/jobs/view/data-engineer-at-tomra-3607001550?refId=n5x8JdIbtdKInO6vuJvWNA%3D%3D&trackingId=6ldVnh%2BiTpYmQBMh1%2FVJBQ%3D%3D&position=3&pageNum=2&trk=public_jobs_jserp-result_search-card
Data Engineer,Big Industries,"Kontich, Flemish Region, Belgium",https://be.linkedin.com/jobs/view/data-engineer-at-big-industries-2664455106?refId=n5x8JdIbtdKInO6vuJvWNA%3D%3D&trackingId=SEO7BmkAxcuoEQxBQZzPRA%3D%3D&position=4&pageNum=2&trk=public_jobs_jserp-result_search-card
Data Engineer,PwC Belgium,"Brussels, Brussels Region, Belgium",https://be.linkedin.com/jobs/view/data-engineer-at-pwc-belgium-3623544822?refId=n5x8JdIbtdKInO6vuJvWNA%3D%3D&trackingId=RIfBgXsaySbAE7GbstcyFw%3D%3D&position=5&pageNum=2&trk=public_jobs_jserp-result_search-card
Data Engineer,Vertex Solutions International Ltd,"Brussels, Brussels Region, Belgium",https://be.linkedin.com/jobs/view/data-engineer-at-vertex-solutions-international-ltd-3625967175?refId=n5x8JdIbtdKInO6vuJvWNA%3D%3D&trackingId=y2QCwHcU1bV0D1tmGKexQA%3D%3D&position=6&pageNum=2&trk=public_jobs_jserp-result_search-card
Data Analyst,Pauwels Consulting,"Brussels, Brussels Region, Belgium",https://be.linkedin.com/jobs/view/data-analyst-at-pauwels-consulting-3639862062?refId=n5x8JdIbtdKInO6vuJvWNA%3D%3D&trackingId=q%2FvitBLNkZ%2F6tCvcRm6bKA%3D%3D&position=7&pageNum=2&trk=public_jobs_jserp-result_search-card
Data Engineer,Ausy Belgium,"Brussels Region, Belgium",https://be.linkedin.com/jobs/view/data-engineer-at-ausy-belgium-3637246644?refId=n5x8JdIbtdKInO6vuJvWNA%3D%3D&trackingId=3CO6H8lXD%2FD04i%2BVU0k9gg%3D%3D&position=8&pageNum=2&trk=public_jobs_jserp-result_search-card
Data Engineer,SIBLING,"Brussels Region, Belgium",https://be.linkedin.com/jobs/view/data-engineer-at-sibling-3624436340?refId=n5x8JdIbtdKInO6vuJvWNA%3D%3D&trackingId=Uke5Lg0xBkI6drk%2BqCYC6Q%3D%3D&position=9&pageNum=2&trk=public_jobs_jserp-result_search-card
Multi-Omics Data Scientist,VIB,"Leuven, Flemish Region, Belgium",https://be.linkedin.com/jobs/view/multi-omics-data-scientist-at-vib-3621070551?refId=n5x8JdIbtdKInO6vuJvWNA%3D%3D&trackingId=rXWTsy8XkE0u%2FG%2FQeHGNpw%3D%3D&position=10&pageNum=2&trk=public_jobs_jserp-result_search-card
Bmatix - Microsoft Business Intelligence consultant,Gumption Group,"Mechelen, Flemish Region, Belgium",https://be.linkedin.com/jobs/view/bmatix-microsoft-business-intelligence-consultant-at-gumption-group-3590344030?refId=n5x8JdIbtdKInO6vuJvWNA%3D%3D&trackingId=s9Gu%2Fhkg3MMUWqvoN%2Fm1DQ%3D%3D&position=11&pageNum=2&trk=public_jobs_jserp-result_search-card
Big Data Engineer,Keyrus,"Brussels, Brussels Region, Belgium",https://be.linkedin.com/jobs/view/big-data-engineer-at-keyrus-3619487079?refId=n5x8JdIbtdKInO6vuJvWNA%3D%3D&trackingId=z4GVTJf3e47rm3MRPftlbA%3D%3D&position=12&pageNum=2&trk=public_jobs_jserp-result_search-card
Data Engineer - First IT,First IT,"Mechelen, Flemish Region, Belgium",https://be.linkedin.com/jobs/view/data-engineer-first-it-at-first-it-3633611837?refId=n5x8JdIbtdKInO6vuJvWNA%3D%3D&trackingId=tsRU0C6GyWGsv3R%2FzNffUQ%3D%3D&position=13&pageNum=2&trk=public_jobs_jserp-result_search-card
Data Engineer - Data Modeling and Self Service BI,Computer Futures,"Brussels, Brussels Region, Belgium",https://be.linkedin.com/jobs/view/data-engineer-data-modeling-and-self-service-bi-at-computer-futures-3635102922?refId=n5x8JdIbtdKInO6vuJvWNA%3D%3D&trackingId=FWdUeyta%2B3RKMCEzgh8QkQ%3D%3D&position=14&pageNum=2&trk=public_jobs_jserp-result_search-card
Data Engineer,afarax,"Brussels, Brussels Region, Belgium",https://be.linkedin.com/jobs/view/data-engineer-at-afarax-3624583700?refId=n5x8JdIbtdKInO6vuJvWNA%3D%3D&trackingId=nGHecjxSTJoX40Me2LrmYQ%3D%3D&position=15&pageNum=2&trk=public_jobs_jserp-result_search-card
Solutions Architect with Data and Data Analytics,Infinity Quest,"Brussels, Brussels Region, Belgium",https://be.linkedin.com/jobs/view/solutions-architect-with-data-and-data-analytics-at-infinity-quest-3639793472?refId=n5x8JdIbtdKInO6vuJvWNA%3D%3D&trackingId=qk32ahMLgduuaQdZHPA50g%3D%3D&position=16&pageNum=2&trk=public_jobs_jserp-result_search-card
ETL Developer,Algorhythm,"Kontich, Flemish Region, Belgium",https://be.linkedin.com/jobs/view/etl-developer-at-algorhythm-3633617067?refId=n5x8JdIbtdKInO6vuJvWNA%3D%3D&trackingId=g%2FZ9mpb5tM3%2BD6qTwm3pxg%3D%3D&position=17&pageNum=2&trk=public_jobs_jserp-result_search-card
Data Engineer,SIBLING,"Brussels, Brussels Region, Belgium",https://be.linkedin.com/jobs/view/data-engineer-at-sibling-3617685487?refId=n5x8JdIbtdKInO6vuJvWNA%3D%3D&trackingId=BdUf2KMiSoc5mgbOOAX4XA%3D%3D&position=18&pageNum=2&trk=public_jobs_jserp-result_search-card
Bmatix - SAP Business Intelligence Consultant,Gumption Group,"Kontich, Flemish Region, Belgium",https://be.linkedin.com/jobs/view/bmatix-sap-business-intelligence-consultant-at-gumption-group-3590327456?refId=n5x8JdIbtdKInO6vuJvWNA%3D%3D&trackingId=Z9IVbsXy0yPk%2BAvseYa%2BQA%3D%3D&position=19&pageNum=2&trk=public_jobs_jserp-result_search-card
Data Engineer,Proximus,"Brussels, Brussels Region, Belgium",https://be.linkedin.com/jobs/view/data-engineer-at-proximus-3630566440?refId=n5x8JdIbtdKInO6vuJvWNA%3D%3D&trackingId=8Cyo3bcpVoyLFHXKcpLFPA%3D%3D&position=20&pageNum=2&trk=public_jobs_jserp-result_search-card
Senior AI Machine Learning Engineer,BNP Paribas,"Brussels, Brussels Region, Belgium",https://be.linkedin.com/jobs/view/senior-ai-machine-learning-engineer-at-bnp-paribas-3615752353?refId=n5x8JdIbtdKInO6vuJvWNA%3D%3D&trackingId=PxhEu%2B9%2BqHDj%2F9qEl0R9Jg%3D%3D&position=21&pageNum=2&trk=public_jobs_jserp-result_search-card
BI Expert,VRT,"Brussels, Brussels Region, Belgium",https://be.linkedin.com/jobs/view/bi-expert-at-vrt-3636354488?refId=n5x8JdIbtdKInO6vuJvWNA%3D%3D&trackingId=shP35slQPbUHelOjzXny0A%3D%3D&position=22&pageNum=2&trk=public_jobs_jserp-result_search-card
Enterprise Architect,Cosmote Global Solutions,"Brussels, Brussels Region, Belgium",https://be.linkedin.com/jobs/view/enterprise-architect-at-cosmote-global-solutions-3635235904?refId=n5x8JdIbtdKInO6vuJvWNA%3D%3D&trackingId=35EK5PqN6sIfx8dNmVqsJg%3D%3D&position=23&pageNum=2&trk=public_jobs_jserp-result_search-card
Data Analyst,Ordina,"Mechelen, Flemish Region, Belgium",https://be.linkedin.com/jobs/view/data-analyst-at-ordina-3587749305?refId=n5x8JdIbtdKInO6vuJvWNA%3D%3D&trackingId=XBtdO8IIu8uFrUVNNgTOFg%3D%3D&position=24&pageNum=2&trk=public_jobs_jserp-result_search-card
Analyste quantitatif modÃ¨les internes - banques (F/H/X) - Master,National Bank of Belgium,"Brussels, Brussels Region, Belgium",https://be.linkedin.com/jobs/view/analyste-quantitatif-mod%C3%A8les-internes-banques-f-h-x-master-at-national-bank-of-belgium-3615546726?refId=n5x8JdIbtdKInO6vuJvWNA%3D%3D&trackingId=Cn7aHW2C1%2FKTqYEZQKBrrQ%3D%3D&position=25&pageNum=2&trk=public_jobs_jserp-result_search-card
Data Engineer,Axxes IT Consultancy,"Flemish Region, Belgium",https://be.linkedin.com/jobs/view/data-engineer-at-axxes-it-consultancy-3636341586?refId=WuIuTx9eUHnMPmW8YdfWGg%3D%3D&trackingId=oeZ0T1%2FDBWB%2B1AdUTQrkEw%3D%3D&position=1&pageNum=3&trk=public_jobs_jserp-result_search-card
Junior Data Analist,Madison Recruitment - ðŸš€ We're hiring,"Mechelen, Flemish Region, Belgium",https://be.linkedin.com/jobs/view/junior-data-analist-at-madison-recruitment-%F0%9F%9A%80-we-re-hiring-3620743570?refId=WuIuTx9eUHnMPmW8YdfWGg%3D%3D&trackingId=5UvBQo8ZfOypfMI5S3lm6g%3D%3D&position=2&pageNum=3&trk=public_jobs_jserp-result_search-card
Data Scientist for Powertrain Division,Toyota Motor Europe,"Zaventem, Flemish Region, Belgium",https://be.linkedin.com/jobs/view/data-scientist-for-powertrain-division-at-toyota-motor-europe-3606140123?refId=WuIuTx9eUHnMPmW8YdfWGg%3D%3D&trackingId=SQ82iodPtBRgdyglrL4bvg%3D%3D&position=3&pageNum=3&trk=public_jobs_jserp-result_search-card
Data Engineer,Computer Futures,"Mechelen, Flemish Region, Belgium",https://be.linkedin.com/jobs/view/data-engineer-at-computer-futures-3603975742?refId=WuIuTx9eUHnMPmW8YdfWGg%3D%3D&trackingId=IOCLE4hH933pbsPL%2B%2FvK%2FA%3D%3D&position=4&pageNum=3&trk=public_jobs_jserp-result_search-card
Cloud Data Engineer,Algorhythm,"Kontich, Flemish Region, Belgium",https://be.linkedin.com/jobs/view/cloud-data-engineer-at-algorhythm-3633616237?refId=WuIuTx9eUHnMPmW8YdfWGg%3D%3D&trackingId=5MDTMWK7nONmJsrHWw4xJg%3D%3D&position=5&pageNum=3&trk=public_jobs_jserp-result_search-card
Data Engineer,iSTORM - IT RECRUITMENT EXPERTS,"Louvain-la-Neuve, Walloon Region, Belgium",https://be.linkedin.com/jobs/view/data-engineer-at-istorm-it-recruitment-experts-3632615282?refId=WuIuTx9eUHnMPmW8YdfWGg%3D%3D&trackingId=vcSWBFeeKtljDnD6Nhb2Tg%3D%3D&position=6&pageNum=3&trk=public_jobs_jserp-result_search-card
Junior Data Analist | Drogenbos,Adecco,"Drogenbos, Flemish Region, Belgium",https://be.linkedin.com/jobs/view/junior-data-analist-drogenbos-at-adecco-3614501921?refId=WuIuTx9eUHnMPmW8YdfWGg%3D%3D&trackingId=o9PQA3g7GXe8hmJMLhpibQ%3D%3D&position=7&pageNum=3&trk=public_jobs_jserp-result_search-card
"Senior Machine Learning Expert (on-site, Brussels / Belgium)",Penguin Formula,"Brussels, Brussels Region, Belgium",https://be.linkedin.com/jobs/view/senior-machine-learning-expert-on-site-brussels-belgium-at-penguin-formula-3633048805?refId=WuIuTx9eUHnMPmW8YdfWGg%3D%3D&trackingId=cj99qVQt%2BzKXQEPH8uJtlw%3D%3D&position=8&pageNum=3&trk=public_jobs_jserp-result_search-card
Senior Consultant in Data science,Sia Partners,"Brussels, Brussels Region, Belgium",https://be.linkedin.com/jobs/view/senior-consultant-in-data-science-at-sia-partners-3631731999?refId=WuIuTx9eUHnMPmW8YdfWGg%3D%3D&trackingId=UUBh4cjIUL%2BvfxiCzchAAw%3D%3D&position=9&pageNum=3&trk=public_jobs_jserp-result_search-card
Data Analyst.,Elia,"Brussels, Brussels Region, Belgium",https://be.linkedin.com/jobs/view/data-analyst-at-elia-3624481540?refId=WuIuTx9eUHnMPmW8YdfWGg%3D%3D&trackingId=tSl8x01jKXog8RSMTPC4FQ%3D%3D&position=10&pageNum=3&trk=public_jobs_jserp-result_search-card
Data Engineer,Revolution Technology,"Brussels, Brussels Region, Belgium",https://be.linkedin.com/jobs/view/data-engineer-at-revolution-technology-3632521454?refId=WuIuTx9eUHnMPmW8YdfWGg%3D%3D&trackingId=q5l3kbCNMEHMCZlMXfOrmg%3D%3D&position=11&pageNum=3&trk=public_jobs_jserp-result_search-card
SAP Analytics Consultant - Dutch/English - Brussels,Belmont Lavan,"Brussels, Brussels Region, Belgium",https://be.linkedin.com/jobs/view/sap-analytics-consultant-dutch-english-brussels-at-belmont-lavan-3590301815?refId=WuIuTx9eUHnMPmW8YdfWGg%3D%3D&trackingId=xp7XMvccPukt0sRpZKGC4w%3D%3D&position=12&pageNum=3&trk=public_jobs_jserp-result_search-card
Data Engineer,Computer Futures,"Puurs-Sint-Amands, Flemish Region, Belgium",https://be.linkedin.com/jobs/view/data-engineer-at-computer-futures-3627271583?refId=WuIuTx9eUHnMPmW8YdfWGg%3D%3D&trackingId=RhEV8%2BB2y%2F11Bw7m0bw6lw%3D%3D&position=13&pageNum=3&trk=public_jobs_jserp-result_search-card
"Data Analyst (SQL, Azure, IOT)",CERTIO.BE,"St-Niklaas, Flemish Region, Belgium",https://be.linkedin.com/jobs/view/data-analyst-sql-azure-iot-at-certio-be-3638619471?refId=WuIuTx9eUHnMPmW8YdfWGg%3D%3D&trackingId=NC4v%2FlS0WoUCFCPkQoz7Yw%3D%3D&position=14&pageNum=3&trk=public_jobs_jserp-result_search-card
Data Science Engineer,Colruyt Group,"Halle, Flemish Region, Belgium",https://be.linkedin.com/jobs/view/data-science-engineer-at-colruyt-group-3631259111?refId=WuIuTx9eUHnMPmW8YdfWGg%3D%3D&trackingId=ZBttiHUtTejAP4U9kC%2FYYg%3D%3D&position=15&pageNum=3&trk=public_jobs_jserp-result_search-card
"Data Engineer - AWS, Azure or GCP",Orbis,Belgium,https://be.linkedin.com/jobs/view/data-engineer-aws-azure-or-gcp-at-orbis-3514946061?refId=WuIuTx9eUHnMPmW8YdfWGg%3D%3D&trackingId=Awa8VWQft9NetlGGZIcpYw%3D%3D&position=16&pageNum=3&trk=public_jobs_jserp-result_search-card
Data Analyst Ad Operations,HUNTR,"Brussels, Brussels Region, Belgium",https://be.linkedin.com/jobs/view/data-analyst-ad-operations-at-huntr-3628676017?refId=WuIuTx9eUHnMPmW8YdfWGg%3D%3D&trackingId=Iy7xU58iw9qZhwg3QrM1dg%3D%3D&position=17&pageNum=3&trk=public_jobs_jserp-result_search-card
Data Analist,Conway - The Convenience Company BelgiÃ« N.V.,"Temse, Flemish Region, Belgium",https://be.linkedin.com/jobs/view/data-analist-at-conway-the-convenience-company-belgi%C3%AB-n-v-3625430413?refId=WuIuTx9eUHnMPmW8YdfWGg%3D%3D&trackingId=R4mD48ipcBxLHX00fKqCkQ%3D%3D&position=18&pageNum=3&trk=public_jobs_jserp-result_search-card
Full Stack Engineer - Product Analytics (Remote),PostHog,European Union,https://www.linkedin.com/jobs/view/full-stack-engineer-product-analytics-remote-at-posthog-3615268854?refId=WuIuTx9eUHnMPmW8YdfWGg%3D%3D&trackingId=JIpLJs40mL%2B8Rna7M1tzbw%3D%3D&position=19&pageNum=3&trk=public_jobs_jserp-result_search-card
Data Solution Partner (Part Time),Hydra,European Union,https://www.linkedin.com/jobs/view/data-solution-partner-part-time-at-hydra-3622197480?refId=WuIuTx9eUHnMPmW8YdfWGg%3D%3D&trackingId=5R4nw1sauwt9tpnYQM3qkQ%3D%3D&position=20&pageNum=3&trk=public_jobs_jserp-result_search-card
Data Fusion- Back End Developer,Aerospacelab,"Louvain-la-Neuve, Walloon Region, Belgium",https://be.linkedin.com/jobs/view/data-fusion-back-end-developer-at-aerospacelab-3576914794?refId=WuIuTx9eUHnMPmW8YdfWGg%3D%3D&trackingId=Pq6aKgyHHCTpsF1F6yzkoA%3D%3D&position=21&pageNum=3&trk=public_jobs_jserp-result_search-card
Junior Data Engineer,Kingfisher Recruitment,"Haacht, Flemish Region, Belgium",https://be.linkedin.com/jobs/view/junior-data-engineer-at-kingfisher-recruitment-3599876200?refId=WuIuTx9eUHnMPmW8YdfWGg%3D%3D&trackingId=%2FeF%2B6DwT0xJVamMk2kgkUw%3D%3D&position=22&pageNum=3&trk=public_jobs_jserp-result_search-card
Data Scientist | MbarQ,Cooder,"Mechelen, Flemish Region, Belgium",https://be.linkedin.com/jobs/view/data-scientist-mbarq-at-cooder-3618036762?refId=WuIuTx9eUHnMPmW8YdfWGg%3D%3D&trackingId=f6OU5dLjpn1kN7NplTKIww%3D%3D&position=23&pageNum=3&trk=public_jobs_jserp-result_search-card
Data Engineer,Select HR,"Louvain-la-Neuve, Walloon Region, Belgium",https://be.linkedin.com/jobs/view/data-engineer-at-select-hr-3618479784?refId=WuIuTx9eUHnMPmW8YdfWGg%3D%3D&trackingId=lga2mcVhfrsKAVOns%2F2ESg%3D%3D&position=24&pageNum=3&trk=public_jobs_jserp-result_search-card
Internship at Data Driven,Ordina,"Mechelen, Flemish Region, Belgium",https://be.linkedin.com/jobs/view/internship-at-data-driven-at-ordina-3577274351?refId=WuIuTx9eUHnMPmW8YdfWGg%3D%3D&trackingId=UJqXtSqEZfL4tw5ZgWSNhw%3D%3D&position=25&pageNum=3&trk=public_jobs_jserp-result_search-card
Data Scientist Consultant,Keyrus,"Brussels, Brussels Region, Belgium",https://be.linkedin.com/jobs/view/data-scientist-consultant-at-keyrus-3509589807?refId=xFdQ7AbnZk8v1VyK84354Q%3D%3D&trackingId=fZjhncI4r0jAqYE3eUACbA%3D%3D&position=1&pageNum=4&trk=public_jobs_jserp-result_search-card
Enterprise Data Architect,Techrou,"Brussels, Brussels Region, Belgium",https://be.linkedin.com/jobs/view/enterprise-data-architect-at-techrou-3639757591?refId=xFdQ7AbnZk8v1VyK84354Q%3D%3D&trackingId=iwaQAMt4RP13%2FMO%2B%2BHLmzQ%3D%3D&position=2&pageNum=4&trk=public_jobs_jserp-result_search-card
Data Analyst Job In Overseas,WALKWAY IMMIGRATION SERVICES LLP,"Brussels, Brussels Region, Belgium",https://be.linkedin.com/jobs/view/data-analyst-job-in-overseas-at-walkway-immigration-services-llp-3638064287?refId=xFdQ7AbnZk8v1VyK84354Q%3D%3D&trackingId=NzRfUp2mDhXNy2Pu29w8eg%3D%3D&position=3&pageNum=4&trk=public_jobs_jserp-result_search-card
Data Engineer,Contraste Europe,"Brussels, Brussels Region, Belgium",https://be.linkedin.com/jobs/view/data-engineer-at-contraste-europe-3619334424?refId=xFdQ7AbnZk8v1VyK84354Q%3D%3D&trackingId=kgbFWfZwn4vt6qwiy2b1Pg%3D%3D&position=4&pageNum=4&trk=public_jobs_jserp-result_search-card
Data Analyst,Expleo Group,"Brussels, Brussels Region, Belgium",https://be.linkedin.com/jobs/view/data-analyst-at-expleo-group-3625171266?refId=xFdQ7AbnZk8v1VyK84354Q%3D%3D&trackingId=CzQfBIIYkOIY3yEe9rDrxw%3D%3D&position=5&pageNum=4&trk=public_jobs_jserp-result_search-card
"Big Data Engineer - Full Remote within EU, up to 400EUR/MD!!!",Andrew Paulsen IT Recruitment,European Union,https://www.linkedin.com/jobs/view/big-data-engineer-full-remote-within-eu-up-to-400eur-md%21%21%21-at-andrew-paulsen-it-recruitment-3632191862?refId=xFdQ7AbnZk8v1VyK84354Q%3D%3D&trackingId=DHh%2B1EA6T0UsUmgnnpeIQw%3D%3D&position=6&pageNum=4&trk=public_jobs_jserp-result_search-card
Internship R&D - Data analysis for key DE&I and Data Ethics projects (Start in January for 6 months),Toyota Motor Europe,"Zaventem, Flemish Region, Belgium",https://be.linkedin.com/jobs/view/internship-r-d-data-analysis-for-key-de-i-and-data-ethics-projects-start-in-january-for-6-months-at-toyota-motor-europe-3593869898?refId=xFdQ7AbnZk8v1VyK84354Q%3D%3D&trackingId=6ugAKruFSQ5GXZDTzmRIEA%3D%3D&position=7&pageNum=4&trk=public_jobs_jserp-result_search-card
Kwantitatief analist(e) interne modellen - banken (V/M/X) - Master,National Bank of Belgium,"Brussels, Brussels Region, Belgium",https://be.linkedin.com/jobs/view/kwantitatief-analist-e-interne-modellen-banken-v-m-x-master-at-national-bank-of-belgium-3615550136?refId=xFdQ7AbnZk8v1VyK84354Q%3D%3D&trackingId=5EsLrcquNYo9tSYtXagufA%3D%3D&position=8&pageNum=4&trk=public_jobs_jserp-result_search-card
"Data Analyst ( FR/NL , Power BI , Excel )",Select HR,"Brussels, Brussels Region, Belgium",https://be.linkedin.com/jobs/view/data-analyst-fr-nl-power-bi-excel-at-select-hr-3613285323?refId=xFdQ7AbnZk8v1VyK84354Q%3D%3D&trackingId=vHqCe9aoIJraOGzVqvMMIg%3D%3D&position=9&pageNum=4&trk=public_jobs_jserp-result_search-card
Sales Data Specialist,DKV Belgium,"Brussels, Brussels Region, Belgium",https://be.linkedin.com/jobs/view/sales-data-specialist-at-dkv-belgium-3628052684?refId=xFdQ7AbnZk8v1VyK84354Q%3D%3D&trackingId=1LVtvOrjaB9hTNTVoupMYQ%3D%3D&position=10&pageNum=4&trk=public_jobs_jserp-result_search-card
Data Engineer,Data Wizards,"Brussels, Brussels Region, Belgium",https://be.linkedin.com/jobs/view/data-engineer-at-data-wizards-3609972755?refId=xFdQ7AbnZk8v1VyK84354Q%3D%3D&trackingId=Z1zF4pNzRxUA948Km7kt%2Bw%3D%3D&position=11&pageNum=4&trk=public_jobs_jserp-result_search-card
Analyste des donnÃ©es tarifaires FR/NL - H/F/X,Jobmatch,"CimetiÃ¨re de Bruxelles, Belgium",https://be.linkedin.com/jobs/view/analyste-des-donn%C3%A9es-tarifaires-fr-nl-h-f-x-at-jobmatch-3630476006?refId=xFdQ7AbnZk8v1VyK84354Q%3D%3D&trackingId=S1FcfEK4WJNsTffm0wfLGA%3D%3D&position=12&pageNum=4&trk=public_jobs_jserp-result_search-card
Senior Big Data Engineer,Telenet,"Mechelen, Flemish Region, Belgium",https://be.linkedin.com/jobs/view/senior-big-data-engineer-at-telenet-3396745425?refId=xFdQ7AbnZk8v1VyK84354Q%3D%3D&trackingId=RdAeQ8G3WhVuZrKfIBxO5A%3D%3D&position=13&pageNum=4&trk=public_jobs_jserp-result_search-card
Business Analist Data bij Algorhythm,&Work,"Kontich, Flemish Region, Belgium",https://be.linkedin.com/jobs/view/business-analist-data-bij-algorhythm-at-work-3639342055?refId=xFdQ7AbnZk8v1VyK84354Q%3D%3D&trackingId=hqg0tsJs4ChWqm3QKRLY3g%3D%3D&position=14&pageNum=4&trk=public_jobs_jserp-result_search-card
Data Engineer,Serviceplan Group Belux,Brussels Metropolitan Area,https://be.linkedin.com/jobs/view/data-engineer-at-serviceplan-group-belux-3534259571?refId=xFdQ7AbnZk8v1VyK84354Q%3D%3D&trackingId=jzowHUz%2FaJGJyoyjBumdmA%3D%3D&position=15&pageNum=4&trk=public_jobs_jserp-result_search-card
Senior Data Engineer F/M/X,Amaris Consulting,"Etterbeek, Brussels Region, Belgium",https://be.linkedin.com/jobs/view/senior-data-engineer-f-m-x-at-amaris-consulting-3627978319?refId=xFdQ7AbnZk8v1VyK84354Q%3D%3D&trackingId=mOK9r24P31ojaQDx1nHaoQ%3D%3D&position=16&pageNum=4&trk=public_jobs_jserp-result_search-card
Data Architect,META4CE,"Kontich, Flemish Region, Belgium",https://be.linkedin.com/jobs/view/data-architect-at-meta4ce-3624381605?refId=xFdQ7AbnZk8v1VyK84354Q%3D%3D&trackingId=ogQOj0aftRZvkznaVxi4Qw%3D%3D&position=17&pageNum=4&trk=public_jobs_jserp-result_search-card
"Internship: Data Automation and Visualization, Belgium - 2023",GSK,"Wavre, Walloon Region, Belgium",https://be.linkedin.com/jobs/view/internship-data-automation-and-visualization-belgium-2023-at-gsk-3615990615?refId=xFdQ7AbnZk8v1VyK84354Q%3D%3D&trackingId=bi%2Fury0R16xTGclnGUFNZQ%3D%3D&position=18&pageNum=4&trk=public_jobs_jserp-result_search-card
Software Developer/Scientific Data Application Developer,VIB,"Brussels, Brussels Region, Belgium",https://be.linkedin.com/jobs/view/software-developer-scientific-data-application-developer-at-vib-3259209104?refId=xFdQ7AbnZk8v1VyK84354Q%3D%3D&trackingId=4C%2BZpjplqQfAepblWYAVng%3D%3D&position=19&pageNum=4&trk=public_jobs_jserp-result_search-card
Power BI Consultant,Algorhythm,"Kontich, Flemish Region, Belgium",https://be.linkedin.com/jobs/view/power-bi-consultant-at-algorhythm-3633611802?refId=xFdQ7AbnZk8v1VyK84354Q%3D%3D&trackingId=F%2B9yClC9flUR9Y9NjwoXww%3D%3D&position=20&pageNum=4&trk=public_jobs_jserp-result_search-card
Functional Data Analyst,Telenet,"Mechelen, Flemish Region, Belgium",https://be.linkedin.com/jobs/view/functional-data-analyst-at-telenet-3578121078?refId=xFdQ7AbnZk8v1VyK84354Q%3D%3D&trackingId=%2Bhbm%2FB0jKFdEme%2F0Ry7%2B0A%3D%3D&position=21&pageNum=4&trk=public_jobs_jserp-result_search-card
Data Engineer,Michael Page,"Brussels, Brussels Region, Belgium",https://be.linkedin.com/jobs/view/data-engineer-at-michael-page-3623324236?refId=xFdQ7AbnZk8v1VyK84354Q%3D%3D&trackingId=ZlWIrju8e59ELmSwz3ZWsg%3D%3D&position=22&pageNum=4&trk=public_jobs_jserp-result_search-card
Bmatix - Functional Business Intelligence Consultant,Gumption Group,"Mechelen, Flemish Region, Belgium",https://be.linkedin.com/jobs/view/bmatix-functional-business-intelligence-consultant-at-gumption-group-3590335117?refId=xFdQ7AbnZk8v1VyK84354Q%3D%3D&trackingId=k8cfAk7XemKn8MYruUO1Dg%3D%3D&position=23&pageNum=4&trk=public_jobs_jserp-result_search-card
Insurance Data Analyst,Vertex Solutions International Ltd,"Brussels, Brussels Region, Belgium",https://be.linkedin.com/jobs/view/insurance-data-analyst-at-vertex-solutions-international-ltd-3616648936?refId=xFdQ7AbnZk8v1VyK84354Q%3D%3D&trackingId=CEJviOWbDWvtkZYScSBWxQ%3D%3D&position=24&pageNum=4&trk=public_jobs_jserp-result_search-card
IT Data Engineer,Carrefour Belgium,"Brussels, Brussels Region, Belgium",https://be.linkedin.com/jobs/view/it-data-engineer-at-carrefour-belgium-3465499635?refId=xFdQ7AbnZk8v1VyK84354Q%3D%3D&trackingId=xJgenZeRQx%2F58Vkn5MPe2A%3D%3D&position=25&pageNum=4&trk=public_jobs_jserp-result_search-card
Data analist in gezondheidsonderzoek,CM - Christelijke Mutualiteit,"Schaerbeek, Brussels Region, Belgium",https://be.linkedin.com/jobs/view/data-analist-in-gezondheidsonderzoek-at-cm-christelijke-mutualiteit-3613723558?refId=%2FMI2IGVZxoe%2FLK2HUgePQg%3D%3D&trackingId=bHQLO0tb8cgkjpx6KsNsUg%3D%3D&position=1&pageNum=5&trk=public_jobs_jserp-result_search-card
Data Engineer,Visser & Van Baars,"Flemish Brabant, Flemish Region, Belgium",https://be.linkedin.com/jobs/view/data-engineer-at-visser-van-baars-3559297381?refId=%2FMI2IGVZxoe%2FLK2HUgePQg%3D%3D&trackingId=Hu7T%2BvmWaWL1aBFvavOBAw%3D%3D&position=2&pageNum=5&trk=public_jobs_jserp-result_search-card
Help us growing our EU data Startup in Brussels,politik.ch,"Brussels, Brussels Region, Belgium",https://be.linkedin.com/jobs/view/help-us-growing-our-eu-data-startup-in-brussels-at-politik-ch-3638550685?refId=%2FMI2IGVZxoe%2FLK2HUgePQg%3D%3D&trackingId=rdSgUQt%2Ber3ZD4Z0iXJ3iA%3D%3D&position=3&pageNum=5&trk=public_jobs_jserp-result_search-card
Data Architect,Grupo Norconsulting,Brussels Metropolitan Area,https://be.linkedin.com/jobs/view/data-architect-at-grupo-norconsulting-3573184057?refId=%2FMI2IGVZxoe%2FLK2HUgePQg%3D%3D&trackingId=WSjsodNM5jSgVq8MItx2Bw%3D%3D&position=4&pageNum=5&trk=public_jobs_jserp-result_search-card
Data Analyst | Satellic,Cooder,"Diegem, Flemish Region, Belgium",https://be.linkedin.com/jobs/view/data-analyst-satellic-at-cooder-3632849271?refId=%2FMI2IGVZxoe%2FLK2HUgePQg%3D%3D&trackingId=OU%2BvpQ117iCI4mTrG8D6qw%3D%3D&position=5&pageNum=5&trk=public_jobs_jserp-result_search-card
Data Analist,Beobank NV/SA,"Brussels, Brussels Region, Belgium",https://be.linkedin.com/jobs/view/data-analist-at-beobank-nv-sa-3635242445?refId=%2FMI2IGVZxoe%2FLK2HUgePQg%3D%3D&trackingId=nYaGhdfb%2FKd5owxeO0psLg%3D%3D&position=6&pageNum=5&trk=public_jobs_jserp-result_search-card
Senior Azure Data Engineer,Quantive,Antwerp Metropolitan Area,https://be.linkedin.com/jobs/view/senior-azure-data-engineer-at-quantive-3639829492?refId=%2FMI2IGVZxoe%2FLK2HUgePQg%3D%3D&trackingId=gLtpmHVaHj2uh2cDEYTNmQ%3D%3D&position=7&pageNum=5&trk=public_jobs_jserp-result_search-card
Data Architect,BRAINWAVE OPTIGRATORS,"Mechelen, Flemish Region, Belgium",https://be.linkedin.com/jobs/view/data-architect-at-brainwave-optigrators-3635101974?refId=%2FMI2IGVZxoe%2FLK2HUgePQg%3D%3D&trackingId=ILlj%2BqmITWKAS%2B981NemZA%3D%3D&position=8&pageNum=5&trk=public_jobs_jserp-result_search-card
Data Engineer - First IT bij First IT,&Work,"Mechelen, Flemish Region, Belgium",https://be.linkedin.com/jobs/view/data-engineer-first-it-bij-first-it-at-work-3639343134?refId=%2FMI2IGVZxoe%2FLK2HUgePQg%3D%3D&trackingId=n6gWENouj4X0HThpERLihA%3D%3D&position=9&pageNum=5&trk=public_jobs_jserp-result_search-card
Data Engineer,Samotics,European Union,https://www.linkedin.com/jobs/view/data-engineer-at-samotics-3623999187?refId=%2FMI2IGVZxoe%2FLK2HUgePQg%3D%3D&trackingId=9yLm8M2Q7u5cNf5foNaAWA%3D%3D&position=10&pageNum=5&trk=public_jobs_jserp-result_search-card
Data Analist bij First IT,&Work,"Mechelen, Flemish Region, Belgium",https://be.linkedin.com/jobs/view/data-analist-bij-first-it-at-work-3639341462?refId=%2FMI2IGVZxoe%2FLK2HUgePQg%3D%3D&trackingId=j7PZtEPNAHvUciAAp5%2BUmQ%3D%3D&position=11&pageNum=5&trk=public_jobs_jserp-result_search-card
Technical Data Architect,VDAB,"Brussels, Brussels Region, Belgium",https://be.linkedin.com/jobs/view/technical-data-architect-at-vdab-3639830734?refId=%2FMI2IGVZxoe%2FLK2HUgePQg%3D%3D&trackingId=PtEnJjCsAE4%2FhjGHuyckOg%3D%3D&position=12&pageNum=5&trk=public_jobs_jserp-result_search-card
Data Engineer,Keyrus,"Brussels, Brussels Region, Belgium",https://be.linkedin.com/jobs/view/data-engineer-at-keyrus-3607477841?refId=%2FMI2IGVZxoe%2FLK2HUgePQg%3D%3D&trackingId=%2BMK%2FqZ2bgrtvLzAoEb%2FtWA%3D%3D&position=13&pageNum=5&trk=public_jobs_jserp-result_search-card
Data engineer voor klinische data,UZ Brussel,"Jette, Brussels Region, Belgium",https://be.linkedin.com/jobs/view/data-engineer-voor-klinische-data-at-uz-brussel-3557421045?refId=%2FMI2IGVZxoe%2FLK2HUgePQg%3D%3D&trackingId=orZL2ISaFqKBI6BVcovTsw%3D%3D&position=14&pageNum=5&trk=public_jobs_jserp-result_search-card
Data Engineer,BDO Belgium,"Zaventem, Flemish Region, Belgium",https://be.linkedin.com/jobs/view/data-engineer-at-bdo-belgium-3421380876?refId=%2FMI2IGVZxoe%2FLK2HUgePQg%3D%3D&trackingId=DHcAPqFXboDzvdme%2Fbjw1w%3D%3D&position=15&pageNum=5&trk=public_jobs_jserp-result_search-card
"Data Analyst ( FR/NL , Power BI , Excel )",iSTORM - IT RECRUITMENT EXPERTS,"Brussels, Brussels Region, Belgium",https://be.linkedin.com/jobs/view/data-analyst-fr-nl-power-bi-excel-at-istorm-it-recruitment-experts-3615700883?refId=%2FMI2IGVZxoe%2FLK2HUgePQg%3D%3D&trackingId=it9ITmm8ZjPbxlYn%2F3cNUw%3D%3D&position=16&pageNum=5&trk=public_jobs_jserp-result_search-card
Bioinformatician position,VIB,"Leuven, Flemish Region, Belgium",https://be.linkedin.com/jobs/view/bioinformatician-position-at-vib-3621070550?refId=%2FMI2IGVZxoe%2FLK2HUgePQg%3D%3D&trackingId=g0qmFN8E1%2FT03N9gJKyzNQ%3D%3D&position=17&pageNum=5&trk=public_jobs_jserp-result_search-card
Data Engineer,MondelÄ“z International,"Mechelen, Flemish Region, Belgium",https://be.linkedin.com/jobs/view/data-engineer-at-mondel%C4%93z-international-3606476863?refId=%2FMI2IGVZxoe%2FLK2HUgePQg%3D%3D&trackingId=m1WzUQi%2BDsCo58AnS2kXxA%3D%3D&position=18&pageNum=5&trk=public_jobs_jserp-result_search-card
Data Engineer (DTC),Atos,"Zaventem, Flemish Region, Belgium",https://be.linkedin.com/jobs/view/data-engineer-dtc-at-atos-3629748283?refId=%2FMI2IGVZxoe%2FLK2HUgePQg%3D%3D&trackingId=dVEnriSopRBAS2pickGq0w%3D%3D&position=19&pageNum=5&trk=public_jobs_jserp-result_search-card
VENDEUR TEMPS PARTIEL H/F,CHAUSSEA,"Zaventem, Flemish Region, Belgium",https://be.linkedin.com/jobs/view/vendeur-temps-partiel-h-f-at-chaussea-3627634732?refId=%2FMI2IGVZxoe%2FLK2HUgePQg%3D%3D&trackingId=r4e6oH1Bc3pnpddzMPuSLg%3D%3D&position=20&pageNum=5&trk=public_jobs_jserp-result_search-card
Data Engineer,Beobank NV/SA,"Brussels, Brussels Region, Belgium",https://be.linkedin.com/jobs/view/data-engineer-at-beobank-nv-sa-3616283303?refId=%2FMI2IGVZxoe%2FLK2HUgePQg%3D%3D&trackingId=VsSqqvK6l2OZp0Fss7QScg%3D%3D&position=21&pageNum=5&trk=public_jobs_jserp-result_search-card
Data Engineer,Pauwels Consulting,"Brussels, Brussels Region, Belgium",https://be.linkedin.com/jobs/view/data-engineer-at-pauwels-consulting-3577957872?refId=%2FMI2IGVZxoe%2FLK2HUgePQg%3D%3D&trackingId=PZGCeT1pZGoM9bggdm2S9w%3D%3D&position=22&pageNum=5&trk=public_jobs_jserp-result_search-card
Data Engineer H/F,LittleBigCode,"Brussels, Brussels Region, Belgium",https://be.linkedin.com/jobs/view/data-engineer-h-f-at-littlebigcode-3621503691?refId=%2FMI2IGVZxoe%2FLK2HUgePQg%3D%3D&trackingId=Qa9pAtw4spD3ktvALDTE1A%3D%3D&position=23&pageNum=5&trk=public_jobs_jserp-result_search-card
2 Experts - Analystes des donnÃ©es (H/F/X),FÃ©dÃ©ration Wallonie-Bruxelles,"Brussels Region, Belgium",https://be.linkedin.com/jobs/view/2-experts-analystes-des-donn%C3%A9es-h-f-x-at-f%C3%A9d%C3%A9ration-wallonie-bruxelles-3619449882?refId=%2FMI2IGVZxoe%2FLK2HUgePQg%3D%3D&trackingId=h4qPnnsih67OXbPaP0A6sg%3D%3D&position=24&pageNum=5&trk=public_jobs_jserp-result_search-card
Senior Data Architect,Computer Futures,"Brussels, Brussels Region, Belgium",https://be.linkedin.com/jobs/view/senior-data-architect-at-computer-futures-3617683293?refId=%2FMI2IGVZxoe%2FLK2HUgePQg%3D%3D&trackingId=6XTYxi9VAxCHQLiu%2B9G8jQ%3D%3D&position=25&pageNum=5&trk=public_jobs_jserp-result_search-card
Cyber Security Data Scientist,Proximus,"Brussels, Brussels Region, Belgium",https://be.linkedin.com/jobs/view/cyber-security-data-scientist-at-proximus-3540691867?refId=q497NhGBpawb2dyI9xwziQ%3D%3D&trackingId=w4YHbRRDzWHb7yLcqaKRBQ%3D%3D&position=1&pageNum=6&trk=public_jobs_jserp-result_search-card
Data Engineer,Exellys,"Mechelen, Flemish Region, Belgium",https://be.linkedin.com/jobs/view/data-engineer-at-exellys-3606566436?refId=q497NhGBpawb2dyI9xwziQ%3D%3D&trackingId=cagFWnEB2AOh4xFs52BdHg%3D%3D&position=2&pageNum=6&trk=public_jobs_jserp-result_search-card
Senior Data Engineer,InterEx Group,European Union,https://www.linkedin.com/jobs/view/senior-data-engineer-at-interex-group-3444218661?refId=q497NhGBpawb2dyI9xwziQ%3D%3D&trackingId=XnoAMp23y3t0EI0lLifpPA%3D%3D&position=3&pageNum=6&trk=public_jobs_jserp-result_search-card
Global Data Engineer,Umicore,"Brussels, Brussels Region, Belgium",https://be.linkedin.com/jobs/view/global-data-engineer-at-umicore-3628343261?refId=q497NhGBpawb2dyI9xwziQ%3D%3D&trackingId=gzZKGPJckasfu%2BeSSA4wGQ%3D%3D&position=4&pageNum=6&trk=public_jobs_jserp-result_search-card
Data Scientist,Jobs via eFinancialCareers,"Brussels, Brussels Region, Belgium",https://be.linkedin.com/jobs/view/data-scientist-at-jobs-via-efinancialcareers-3526197986?refId=q497NhGBpawb2dyI9xwziQ%3D%3D&trackingId=YW1HfNfmnRu7jjSU%2FVJ%2BPQ%3D%3D&position=5&pageNum=6&trk=public_jobs_jserp-result_search-card
datawarehouse developer,GZA Ziekenhuizen,"Antwerp, Flemish Region, Belgium",https://be.linkedin.com/jobs/view/datawarehouse-developer-at-gza-ziekenhuizen-3628052490?refId=q497NhGBpawb2dyI9xwziQ%3D%3D&trackingId=Mg81YWIxeZzbv%2FL5i4qtQw%3D%3D&position=6&pageNum=6&trk=public_jobs_jserp-result_search-card
Data Standard Analyst - Biostatistics Team,Medpace,"Leuven, Flemish Region, Belgium",https://be.linkedin.com/jobs/view/data-standard-analyst-biostatistics-team-at-medpace-3595564780?refId=q497NhGBpawb2dyI9xwziQ%3D%3D&trackingId=MPiOoFcauXJC%2FpTJvVphfw%3D%3D&position=7&pageNum=6&trk=public_jobs_jserp-result_search-card
Data Specialist,IRISteam,"Brussels, Brussels Region, Belgium",https://be.linkedin.com/jobs/view/data-specialist-at-iristeam-3617719081?refId=q497NhGBpawb2dyI9xwziQ%3D%3D&trackingId=fJrpFgM5nSPOe9GE6iLuww%3D%3D&position=8&pageNum=6&trk=public_jobs_jserp-result_search-card
Threat Hunters / SOC Team,Contracts IT,"Brussels, Brussels Region, Belgium",https://be.linkedin.com/jobs/view/threat-hunters-soc-team-at-contracts-it-3634411669?refId=q497NhGBpawb2dyI9xwziQ%3D%3D&trackingId=ZGQJqZM2KCjI3JA%2FZHrNOg%3D%3D&position=9&pageNum=6&trk=public_jobs_jserp-result_search-card
Data Specialist Automotive,Walters People,"Diegem, Flemish Region, Belgium",https://be.linkedin.com/jobs/view/data-specialist-automotive-at-walters-people-3618020650?refId=q497NhGBpawb2dyI9xwziQ%3D%3D&trackingId=uVEL8nEiKAZXNyGSFxJYnA%3D%3D&position=10&pageNum=6&trk=public_jobs_jserp-result_search-card
Azure Data Architect,Kohera,"Kontich, Flemish Region, Belgium",https://be.linkedin.com/jobs/view/azure-data-architect-at-kohera-3623583161?refId=q497NhGBpawb2dyI9xwziQ%3D%3D&trackingId=HVCbbZIX%2F%2Bo6WQXrnHH3pQ%3D%3D&position=11&pageNum=6&trk=public_jobs_jserp-result_search-card
Senior Data Engineer,InterEx Group,European Union,https://www.linkedin.com/jobs/view/senior-data-engineer-at-interex-group-3444219981?refId=q497NhGBpawb2dyI9xwziQ%3D%3D&trackingId=M8HB2TJM1YFSstCruuzQOA%3D%3D&position=12&pageNum=6&trk=public_jobs_jserp-result_search-card
Data-Analist,KBC Bank & Verzekering,"Flemish Region, Belgium",https://be.linkedin.com/jobs/view/data-analist-at-kbc-bank-verzekering-3627778894?refId=q497NhGBpawb2dyI9xwziQ%3D%3D&trackingId=M3FfiUxD9YH60Jif7Qjo6g%3D%3D&position=13&pageNum=6&trk=public_jobs_jserp-result_search-card
Senior Python Developer,Egov Select,"Brussels, Brussels Region, Belgium",https://be.linkedin.com/jobs/view/senior-python-developer-at-egov-select-3629051390?refId=q497NhGBpawb2dyI9xwziQ%3D%3D&trackingId=A0acCe%2Bk6ksSYmhJz%2Bk9DQ%3D%3D&position=14&pageNum=6&trk=public_jobs_jserp-result_search-card
Help us growing our EU data Startup in Brussels,politik.ch,"Brussels, Brussels Region, Belgium",https://be.linkedin.com/jobs/view/help-us-growing-our-eu-data-startup-in-brussels-at-politik-ch-3638551583?refId=q497NhGBpawb2dyI9xwziQ%3D%3D&trackingId=YF%2FO54ldGxXyD12rpQ9Y1g%3D%3D&position=15&pageNum=6&trk=public_jobs_jserp-result_search-card
Cloud Data Engineer bij Algorhythm,&Work,"Kontich, Flemish Region, Belgium",https://be.linkedin.com/jobs/view/cloud-data-engineer-bij-algorhythm-at-work-3639341277?refId=q497NhGBpawb2dyI9xwziQ%3D%3D&trackingId=%2BF%2BBXfTpFi40FDJ6W9sLMg%3D%3D&position=16&pageNum=6&trk=public_jobs_jserp-result_search-card
Senior Data Scientist,Ordina,"Mechelen, Flemish Region, Belgium",https://be.linkedin.com/jobs/view/senior-data-scientist-at-ordina-3577276224?refId=q497NhGBpawb2dyI9xwziQ%3D%3D&trackingId=TVlNOZsvDpIOBgOForgbSg%3D%3D&position=17&pageNum=6&trk=public_jobs_jserp-result_search-card
Senior Data Scientist,Encipher Technology,European Economic Area,https://www.linkedin.com/jobs/view/senior-data-scientist-at-encipher-technology-3636092119?refId=q497NhGBpawb2dyI9xwziQ%3D%3D&trackingId=AM%2BLsdqM8NTlmGf9laVlvA%3D%3D&position=18&pageNum=6&trk=public_jobs_jserp-result_search-card
Associate Data Scientist - Inventory Management and Research Analytics,Caterpillar Inc.,"Grimbergen, Flemish Region, Belgium",https://be.linkedin.com/jobs/view/associate-data-scientist-inventory-management-and-research-analytics-at-caterpillar-inc-3608500578?refId=q497NhGBpawb2dyI9xwziQ%3D%3D&trackingId=6BFe2zXpufJBw%2B9fCGnQ9Q%3D%3D&position=19&pageNum=6&trk=public_jobs_jserp-result_search-card
"Dev Engineer- Fraud detection (Scala, Flink, Kafka)",BNP Paribas,"Brussels, Brussels Region, Belgium",https://be.linkedin.com/jobs/view/dev-engineer-fraud-detection-scala-flink-kafka-at-bnp-paribas-3615748980?refId=q497NhGBpawb2dyI9xwziQ%3D%3D&trackingId=g2EkHYkOyiJ%2F9bZ3XgwsRA%3D%3D&position=20&pageNum=6&trk=public_jobs_jserp-result_search-card
Senior Data Engineer,Allianz BeNeLux,"Brussels, Brussels Region, Belgium",https://be.linkedin.com/jobs/view/senior-data-engineer-at-allianz-benelux-3629941890?refId=q497NhGBpawb2dyI9xwziQ%3D%3D&trackingId=BFBVSdkmLteVBwi%2B2wPFUA%3D%3D&position=21&pageNum=6&trk=public_jobs_jserp-result_search-card
ETL Developer bij Algorhythm,&Work,"Kontich, Flemish Region, Belgium",https://be.linkedin.com/jobs/view/etl-developer-bij-algorhythm-at-work-3639337625?refId=q497NhGBpawb2dyI9xwziQ%3D%3D&trackingId=6YM4CHwwub1tBanepyoJTw%3D%3D&position=22&pageNum=6&trk=public_jobs_jserp-result_search-card
Data-analist met een hart voor de gezondheidssector,Centrum voor Kankeropsporing,"Flemish Region, Belgium",https://be.linkedin.com/jobs/view/data-analist-met-een-hart-voor-de-gezondheidssector-at-centrum-voor-kankeropsporing-3617632769?refId=q497NhGBpawb2dyI9xwziQ%3D%3D&trackingId=ndoIjYSFd%2Fc723Fe22m%2FKg%3D%3D&position=23&pageNum=6&trk=public_jobs_jserp-result_search-card
Front-end Developer - Data science - Up to 65Kâ‚¬,Jefferson Frank,"Brussels, Brussels Region, Belgium",https://be.linkedin.com/jobs/view/front-end-developer-data-science-up-to-65k%E2%82%AC-at-jefferson-frank-3544002265?refId=q497NhGBpawb2dyI9xwziQ%3D%3D&trackingId=KN5RXtlYrZcg49Ap6E2qkQ%3D%3D&position=24&pageNum=6&trk=public_jobs_jserp-result_search-card
Freelance Data Analyst,Madison Recruitment - ðŸš€ We're hiring,"Brussels, Brussels Region, Belgium",https://be.linkedin.com/jobs/view/freelance-data-analyst-at-madison-recruitment-%F0%9F%9A%80-we-re-hiring-3561234396?refId=q497NhGBpawb2dyI9xwziQ%3D%3D&trackingId=qQ14Fi9OFsAvkorFmI0wTg%3D%3D&position=25&pageNum=6&trk=public_jobs_jserp-result_search-card
